[
  {
    "id": "da8c4915-8881-4a31-a14f-c47abc51faac",
    "data": [
      {
        "text": "thibaud",
        "alias": "perso1",
        "meta": "@sys.any",
        "userDefined": true
      }
    ],
    "isTemplate": false,
    "count": 0,
    "updated": 1530054223
  },
  {
    "id": "19cdcfe4-5b58-410c-ac51-fc3f8aa4f86a",
    "data": [
      {
        "text": "morgane",
        "alias": "perso1",
        "meta": "@sys.any",
        "userDefined": true
      }
    ],
    "isTemplate": false,
    "count": 0,
    "updated": 1530054223
  },
  {
    "id": "a9dd5a10-f388-4638-a93c-453f08cebfda",
    "data": [
      {
        "text": "agathe",
        "alias": "perso1",
        "meta": "@sys.any",
        "userDefined": true
      }
    ],
    "isTemplate": false,
    "count": 0,
    "updated": 1530054223
  },
  {
    "id": "ebd86041-ab17-4792-bdd2-e3b602451a67",
    "data": [
      {
        "text": "Un renard",
        "alias": "perso1",
        "meta": "@sys.any",
        "userDefined": true
      }
    ],
    "isTemplate": false,
    "count": 0,
    "updated": 1530054223
  },
  {
    "id": "88603773-cfa2-4c03-ade1-925980592261",
    "data": [
      {
        "text": "La sorcière",
        "alias": "perso1",
        "meta": "@sys.any",
        "userDefined": true
      }
    ],
    "isTemplate": false,
    "count": 0,
    "updated": 1530054223
  },
  {
    "id": "66df6cf7-289e-47ba-a2ab-b66105f9a8ed",
    "data": [
      {
        "text": "Zoé",
        "alias": "perso1",
        "meta": "@sys.any",
        "userDefined": true
      }
    ],
    "isTemplate": false,
    "count": 0,
    "updated": 1530054223
  },
  {
    "id": "09b7f784-3b63-4196-abc8-8e8b74c20a77",
    "data": [
      {
        "text": "Maman",
        "alias": "perso1",
        "meta": "@sys.any",
        "userDefined": true
      }
    ],
    "isTemplate": false,
    "count": 0,
    "updated": 1530054223
  },
  {
    "id": "ff6619f6-35e0-40a2-b4d4-82f4153eab4e",
    "data": [
      {
        "text": "Papa",
        "alias": "perso1",
        "meta": "@sys.any",
        "userDefined": true
      }
    ],
    "isTemplate": false,
    "count": 0,
    "updated": 1530054223
  },
  {
    "id": "deb1518e-a365-48c7-b485-86d4e7cc35d0",
    "data": [
      {
        "text": "Un dragon",
        "alias": "perso1",
        "meta": "@sys.any",
        "userDefined": true
      }
    ],
    "isTemplate": false,
    "count": 0,
    "updated": 1530054223
  }
]