[
  {
    "id": "334dafec-121e-4641-8495-cc81cb8250e9",
    "data": [
      {
        "text": "fais-le",
        "userDefined": false
      }
    ],
    "isTemplate": false,
    "count": 2,
    "updated": 1529526842
  },
  {
    "id": "f7eb0327-87b3-4903-8adc-b8450a3a4127",
    "data": [
      {
        "text": "c\u0027est correct",
        "userDefined": false
      }
    ],
    "isTemplate": false,
    "count": 0,
    "updated": 1529526842
  },
  {
    "id": "c96a682a-7f26-4e6f-bdbc-0961dcd56607",
    "data": [
      {
        "text": "d\u0027accord",
        "userDefined": false
      }
    ],
    "isTemplate": false,
    "count": 2,
    "updated": 1529526842
  },
  {
    "id": "162f145b-4de9-445e-991f-af5f9b9ea67e",
    "data": [
      {
        "text": "bien sûr",
        "userDefined": false
      }
    ],
    "isTemplate": false,
    "count": 1,
    "updated": 1529526842
  },
  {
    "id": "c4737c48-a0ec-4001-a2a7-a4bde67a3c65",
    "data": [
      {
        "text": "exactement",
        "userDefined": false
      }
    ],
    "isTemplate": false,
    "count": 1,
    "updated": 1529526842
  },
  {
    "id": "b5d2bf54-4a6f-4234-bb58-604de4438f39",
    "data": [
      {
        "text": "confirmer",
        "userDefined": false
      }
    ],
    "isTemplate": false,
    "count": 0,
    "updated": 1529526842
  },
  {
    "id": "1c8ae9ee-ab35-47ad-916d-f6166dc2716a",
    "data": [
      {
        "text": "je suis d\u0027accord",
        "userDefined": false
      }
    ],
    "isTemplate": false,
    "count": 0,
    "updated": 1529526842
  },
  {
    "id": "58608aca-bdd7-40a7-a007-945ff2c8eb95",
    "data": [
      {
        "text": "oui",
        "userDefined": false
      }
    ],
    "isTemplate": false,
    "count": 1,
    "updated": 1529526842
  },
  {
    "id": "d6b27ee0-9777-409c-815f-f16966c29fa6",
    "data": [
      {
        "text": "ça me va",
        "userDefined": false
      }
    ],
    "isTemplate": false,
    "count": 1,
    "updated": 1529526842
  }
]